sample_index,soc_true,soc_pred,soc_true_percent,soc_pred_percent,error_percent_points
255,0.9693971276283264,0.8753377199172974,96.93971276283264,87.53377199172974,-9.405940771102905
256,0.9693042039871216,0.8772562146186829,96.93042039871216,87.72562146186829,-9.204798936843872
257,0.9691317081451416,0.8781262040138245,96.91317081451416,87.81262040138245,-9.100550413131714
258,0.9688431024551392,0.8776081800460815,96.88431024551392,87.76081800460815,-9.123492240905762
259,0.9686164259910583,0.8766738176345825,96.86164259910583,87.66738176345825,-9.194260835647583
260,0.9683911800384521,0.8755854964256287,96.83911800384521,87.55854964256287,-9.280568361282349
261,0.9682122468948364,0.8746961355209351,96.82122468948364,87.4696135520935,-9.351611137390137
262,0.9681236743927002,0.8748876452445984,96.81236743927002,87.48876452445984,-9.32360291481018
263,0.9680670499801636,0.8759921193122864,96.80670499801636,87.59921193122864,-9.20749306678772
264,0.9680118560791016,0.8776180744171143,96.80118560791016,87.76180744171143,-9.03937816619873
265,0.967961847782135,0.8795969486236572,96.7961847782135,87.95969486236572,-8.836489915847778
266,0.9679046273231506,0.8811820149421692,96.79046273231506,88.11820149421692,-8.672261238098145
267,0.9676617980003357,0.8816993832588196,96.76617980003357,88.16993832588196,-8.596241474151611
268,0.9676072597503662,0.8825238347053528,96.76072597503662,88.25238347053528,-8.508342504501343
269,0.9674672484397888,0.8829219341278076,96.74672484397888,88.29219341278076,-8.45453143119812
270,0.9673572182655334,0.8833041787147522,96.73572182655334,88.33041787147522,-8.405303955078125
271,0.9672341346740723,0.8836251497268677,96.72341346740723,88.36251497268677,-8.360898494720459
272,0.9670292139053345,0.8830170631408691,96.70292139053345,88.30170631408691,-8.401215076446533
273,0.9667876362800598,0.8815928101539612,96.67876362800598,88.15928101539612,-8.519482612609863
274,0.9665126800537109,0.8794362545013428,96.6512680053711,87.94362545013428,-8.707642555236816
275,0.9661944508552551,0.8766142129898071,96.61944508552551,87.66142129898071,-8.9580237865448
276,0.9658394455909729,0.8732898235321045,96.58394455909729,87.32898235321045,-9.25496220588684
277,0.9654778242111206,0.8697177171707153,96.54778242111206,86.97177171707153,-9.576010704040527
278,0.9650930166244507,0.8657008409500122,96.50930166244507,86.57008409500122,-9.939217567443848
279,0.9645792841911316,0.8610151410102844,96.45792841911316,86.10151410102844,-10.356414318084717
280,0.9642057418823242,0.8570224046707153,96.42057418823242,85.70224046707153,-10.718333721160889
281,0.9639241099357605,0.8539465069770813,96.39241099357605,85.39465069770813,-10.99776029586792
282,0.9635904431343079,0.8511673808097839,96.35904431343079,85.1167380809784,-11.242306232452393
283,0.9633853435516357,0.8499598503112793,96.33853435516357,84.99598503112793,-11.342549324035645
284,0.963265061378479,0.8503128886222839,96.3265061378479,85.0312888622284,-11.295217275619507
285,0.9632633328437805,0.8529886603355408,96.32633328437805,85.29886603355408,-11.027467250823975
286,0.9632932543754578,0.8573887944221497,96.32932543754578,85.73887944221497,-10.59044599533081
287,0.9633748531341553,0.8632339239120483,96.33748531341553,86.32339239120483,-10.014092922210693
288,0.9635065197944641,0.8700236678123474,96.35065197944641,87.00236678123474,-9.34828519821167
289,0.9635751247406006,0.8762182593345642,96.35751247406006,87.62182593345642,-8.735686540603638
290,0.9634084701538086,0.8795475363731384,96.34084701538086,87.95475363731384,-8.386093378067017
291,0.9632550477981567,0.8811816573143005,96.32550477981567,88.11816573143005,-8.20733904838562
292,0.9632216095924377,0.8827097415924072,96.32216095924377,88.27097415924072,-8.051186800003052
293,0.9633016586303711,0.8858413696289062,96.33016586303711,88.58413696289062,-7.746028900146484
294,0.963171660900116,0.887365996837616,96.3171660900116,88.7365996837616,-7.58056640625
295,0.9629849791526794,0.8877094984054565,96.29849791526794,88.77094984054565,-7.52754807472229
296,0.9628583192825317,0.8879541158676147,96.28583192825317,88.79541158676147,-7.490420341491699
297,0.9628116488456726,0.8884973526000977,96.28116488456726,88.84973526000977,-7.431429624557495
298,0.9626848697662354,0.8885001540184021,96.26848697662354,88.85001540184021,-7.418471574783325
299,0.9625281691551208,0.8880150318145752,96.25281691551208,88.80150318145752,-7.451313734054565
300,0.9623799324035645,0.8875828981399536,96.23799324035645,88.75828981399536,-7.479703426361084
301,0.9623416066169739,0.8880064487457275,96.23416066169739,88.80064487457275,-7.433515787124634
302,0.9623333215713501,0.8891248106956482,96.23333215713501,88.91248106956482,-7.32085108757019
303,0.9623318314552307,0.8905032873153687,96.23318314552307,89.05032873153687,-7.182854413986206
304,0.96242356300354,0.8930422067642212,96.242356300354,89.30422067642212,-6.938135623931885
305,0.9625535607337952,0.8965231776237488,96.25535607337952,89.65231776237488,-6.603038311004639
306,0.9626869559288025,0.900473952293396,96.26869559288025,90.0473952293396,-6.221300363540649
307,0.9628369808197021,0.9046845436096191,96.28369808197021,90.46845436096191,-5.815243721008301
308,0.9629836678504944,0.9088931083679199,96.29836678504944,90.88931083679199,-5.409055948257446
309,0.9631136655807495,0.9128711223602295,96.31136655807495,91.28711223602295,-5.024254322052002
310,0.9632570147514343,0.9166606068611145,96.32570147514343,91.66606068611145,-4.659640789031982
311,0.9634037017822266,0.9202220439910889,96.34037017822266,92.02220439910889,-4.3181657791137695
312,0.963543713092804,0.9235342741012573,96.3543713092804,92.35342741012573,-4.000943899154663
313,0.9636837840080261,0.9265875220298767,96.36837840080261,92.65875220298767,-3.7096261978149414
314,0.9638171195983887,0.9293928742408752,96.38171195983887,92.93928742408752,-3.4424245357513428
315,0.9639453291893005,0.9319608211517334,96.39453291893005,93.19608211517334,-3.198450803756714
316,0.9640387296676636,0.9341723322868347,96.40387296676636,93.41723322868347,-2.9866397380828857
317,0.9641048908233643,0.9361133575439453,96.41048908233643,93.61133575439453,-2.7991533279418945
318,0.9640666842460632,0.9371260404586792,96.40666842460632,93.71260404586792,-2.6940643787384033
319,0.9640902876853943,0.9379277229309082,96.40902876853943,93.79277229309082,-2.6162564754486084
320,0.9641839265823364,0.9388900399208069,96.41839265823364,93.88900399208069,-2.529388666152954
321,0.9643139243125916,0.9400582313537598,96.43139243125916,94.00582313537598,-2.4255692958831787
322,0.9644339680671692,0.9413285255432129,96.44339680671692,94.13285255432129,-2.31054425239563
323,0.9645521640777588,0.9426392316818237,96.45521640777588,94.26392316818237,-2.191293239593506
324,0.9646536707878113,0.943913459777832,96.46536707878113,94.3913459777832,-2.074021100997925
325,0.9647151827812195,0.944983720779419,96.47151827812195,94.4983720779419,-1.9731462001800537
326,0.9647470116615295,0.9457830786705017,96.47470116615295,94.57830786705017,-1.8963932991027832
327,0.9648436903953552,0.9466618299484253,96.48436903953552,94.66618299484253,-1.8181860446929932
328,0.9649374485015869,0.9475620985031128,96.49374485015869,94.75620985031128,-1.737534999847412
329,0.9650470614433289,0.9485169649124146,96.50470614433289,94.85169649124146,-1.6530096530914307
330,0.9651256203651428,0.9493955969810486,96.51256203651428,94.93955969810486,-1.5730023384094238
331,0.9652323126792908,0.9503147602081299,96.52323126792908,95.03147602081299,-1.4917552471160889
332,0.965313732624054,0.9511749744415283,96.5313732624054,95.11749744415283,-1.4138758182525635
333,0.9653466939926147,0.9518557786941528,96.53466939926147,95.18557786941528,-1.3490915298461914
334,0.9653433561325073,0.9522131085395813,96.53433561325073,95.22131085395813,-1.3130247592926025
335,0.9653333425521851,0.9523349404335022,96.5333342552185,95.23349404335022,-1.2998402118682861
336,0.9653247594833374,0.9522973299026489,96.53247594833374,95.22973299026489,-1.3027429580688477
337,0.965316653251648,0.9521521329879761,96.5316653251648,95.21521329879761,-1.3164520263671875
338,0.9653066396713257,0.9519345164299011,96.53066396713257,95.19345164299011,-1.337212324142456
339,0.965298056602478,0.9516707062721252,96.5298056602478,95.16707062721252,-1.3627350330352783
340,0.9652900099754333,0.9513791799545288,96.52900099754333,95.13791799545288,-1.391083002090454
341,0.9652799963951111,0.9510723948478699,96.52799963951111,95.10723948478699,-1.420760154724121
342,0.9652699828147888,0.950761079788208,96.52699828147888,95.0761079788208,-1.450890302658081
343,0.9652613997459412,0.9504534602165222,96.52613997459412,95.04534602165222,-1.4807939529418945
344,0.9652533531188965,0.9501544833183289,96.52533531188965,95.01544833183289,-1.5098869800567627
345,0.9652433395385742,0.949867844581604,96.52433395385742,94.9867844581604,-1.5375494956970215
346,0.965233325958252,0.9495973587036133,96.5233325958252,94.95973587036133,-1.5635967254638672
347,0.9652246832847595,0.9493423104286194,96.52246832847595,94.93423104286194,-1.5882372856140137
348,0.9652093648910522,0.9490535259246826,96.52093648910522,94.90535259246826,-1.615583896636963
349,0.9651440978050232,0.9485096335411072,96.51440978050232,94.85096335411072,-1.6634464263916016
350,0.9650114178657532,0.9475113749504089,96.50114178657532,94.7511374950409,-1.7500042915344238
351,0.9648074507713318,0.9459561109542847,96.48074507713318,94.59561109542847,-1.885133981704712
352,0.9645307064056396,0.9438033103942871,96.45307064056396,94.38033103942871,-2.072739601135254
353,0.9642033576965332,0.9411205053329468,96.42033576965332,94.11205053329468,-2.3082852363586426
354,0.9638546109199524,0.9380094408988953,96.38546109199524,93.80094408988953,-2.584517002105713
355,0.9635079503059387,0.9348354935646057,96.35079503059387,93.48354935646057,-2.867245674133301
356,0.9632925391197205,0.9317833781242371,96.32925391197205,93.1783378124237,-3.15091609954834
357,0.9630205035209656,0.9286406636238098,96.30205035209656,92.86406636238098,-3.437983989715576
358,0.9627450704574585,0.9253819584846497,96.27450704574585,92.53819584846497,-3.736311197280884
359,0.962422251701355,0.9218144416809082,96.2422251701355,92.18144416809082,-4.060781002044678
360,0.9620410799980164,0.9182367920875549,96.20410799980164,91.8236792087555,-4.380428791046143
361,0.9618277549743652,0.9151094555854797,96.18277549743652,91.51094555854797,-4.67182993888855
362,0.9616130590438843,0.9123415946960449,96.16130590438843,91.23415946960449,-4.9271464347839355
363,0.9614443182945251,0.9099478125572205,96.14443182945251,90.99478125572205,-5.149650573730469
364,0.9612355828285217,0.9075305461883545,96.12355828285217,90.75305461883545,-5.370503664016724
365,0.9609968066215515,0.9049728512763977,96.09968066215515,90.49728512763977,-5.602395534515381
366,0.9607537984848022,0.902689516544342,96.07537984848022,90.2689516544342,-5.8064281940460205
367,0.960651695728302,0.9011896252632141,96.0651695728302,90.11896252632141,-5.946207046508789
368,0.9605171084403992,0.9001557230949402,96.05171084403992,90.01557230949402,-6.036138534545898
369,0.9604612588882446,0.9000260233879089,96.04612588882446,90.0026023387909,-6.043523550033569
370,0.9604370594024658,0.9004744291305542,96.04370594024658,90.04744291305542,-5.996263027191162
371,0.9602998495101929,0.9003630876541138,96.02998495101929,90.03630876541138,-5.99367618560791
372,0.9600507020950317,0.8993964791297913,96.00507020950317,89.93964791297913,-6.065422296524048
373,0.959867000579834,0.898540198802948,95.9867000579834,89.8540198802948,-6.132680177688599
374,0.9597803354263306,0.8982787728309631,95.97803354263306,89.82787728309631,-6.150156259536743
375,0.9596969485282898,0.898343563079834,95.96969485282898,89.8343563079834,-6.135338544845581
376,0.9596136212348938,0.8985910415649414,95.96136212348938,89.85910415649414,-6.102257966995239
377,0.959530234336853,0.898938000202179,95.9530234336853,89.8938000202179,-6.059223413467407
378,0.9594435691833496,0.8992783427238464,95.94435691833496,89.92783427238464,-6.016522645950317
379,0.9593380689620972,0.8993602991104126,95.93380689620972,89.93602991104126,-5.997776985168457
380,0.9591913819313049,0.8991685509681702,95.9191381931305,89.91685509681702,-6.002283096313477
381,0.9590857028961182,0.8991448879241943,95.90857028961182,89.91448879241943,-5.994081497192383
382,0.9590244889259338,0.8996275663375854,95.90244889259338,89.96275663375854,-5.939692258834839
383,0.9590298533439636,0.9007091522216797,95.90298533439636,90.07091522216797,-5.8320701122283936
384,0.959116518497467,0.9029378890991211,95.9116518497467,90.29378890991211,-5.617862939834595
385,0.9592110514640808,0.9058329463005066,95.92110514640808,90.58329463005066,-5.337810516357422
386,0.9592819809913635,0.9087198376655579,95.92819809913635,90.87198376655579,-5.056214332580566
387,0.9594454169273376,0.9122113585472107,95.94454169273376,91.22113585472107,-4.723405838012695
388,0.9595909714698792,0.9159612059593201,95.95909714698792,91.596120595932,-4.362976551055908
389,0.9597288370132446,0.9197218418121338,95.97288370132446,91.97218418121338,-4.000699520111084
390,0.9598655104637146,0.9233375787734985,95.98655104637146,92.33375787734985,-3.6527931690216064
391,0.9599955081939697,0.9267279505729675,95.99955081939697,92.67279505729675,-3.3267557621002197
392,0.9601255655288696,0.9298625588417053,96.01255655288696,92.98625588417053,-3.0263006687164307
393,0.9602488875389099,0.9327374696731567,96.02488875389099,93.27374696731567,-2.7511417865753174
394,0.9603700041770935,0.9353673458099365,96.03700041770935,93.53673458099365,-2.5002658367156982
395,0.9604900479316711,0.9377691745758057,96.04900479316711,93.77691745758057,-2.272087335586548
396,0.9605811238288879,0.939863920211792,96.0581123828888,93.9863920211792,-2.0717203617095947
397,0.9606266617774963,0.9415068030357361,96.06266617774963,94.15068030357361,-1.9119858741760254
398,0.9606299996376038,0.9426392316818237,96.06299996376038,94.26392316818237,-1.799076795578003
399,0.9606199860572815,0.9433794021606445,96.06199860572815,94.33794021606445,-1.7240583896636963
400,0.9606110453605652,0.9438509941101074,96.06110453605652,94.38509941101074,-1.6760051250457764
401,0.9606033563613892,0.9441362619400024,96.06033563613892,94.41362619400024,-1.6467094421386719
402,0.9605933427810669,0.94428950548172,96.05933427810669,94.428950548172,-1.6303837299346924
403,0.9605810642242432,0.9443307518959045,96.05810642242432,94.43307518959045,-1.6250312328338623
404,0.9605464935302734,0.9441524744033813,96.05464935302734,94.41524744033813,-1.639401912689209
405,0.9604474902153015,0.9435232877731323,96.04474902153015,94.35232877731323,-1.692420244216919
406,0.9602828621864319,0.94231778383255,96.02828621864319,94.231778383255,-1.7965078353881836
407,0.9600425958633423,0.9404637217521667,96.00425958633423,94.04637217521667,-1.9578874111175537
408,0.9597246050834656,0.9378981590270996,95.97246050834656,93.78981590270996,-2.1826446056365967
409,0.9593275785446167,0.9345728158950806,95.93275785446167,93.45728158950806,-2.4754762649536133
410,0.958856463432312,0.9306773543357849,95.8856463432312,93.06773543357849,-2.81791090965271
411,0.9584640264511108,0.9271138906478882,95.84640264511108,92.71138906478882,-3.1350135803222656
412,0.9582876563072205,0.9237430691719055,95.82876563072205,92.37430691719055,-3.454458713531494
413,0.9579232931137085,0.9200799465179443,95.79232931137085,92.00799465179443,-3.784334659576416
414,0.9576045870780945,0.9165506362915039,95.76045870780945,91.65506362915039,-4.105395078659058
415,0.9573862552642822,0.913689374923706,95.73862552642822,91.3689374923706,-4.369688034057617
416,0.9573086500167847,0.911827802658081,95.73086500167847,91.1827802658081,-4.548084735870361
417,0.9572676420211792,0.9108428955078125,95.72676420211792,91.08428955078125,-4.64247465133667
418,0.957260012626648,0.9106284379959106,95.7260012626648,91.06284379959106,-4.6631574630737305
419,0.9572657346725464,0.9110564589500427,95.72657346725464,91.10564589500427,-4.620927572250366
420,0.9572880864143372,0.912065327167511,95.72880864143372,91.2065327167511,-4.522275924682617
421,0.9573833346366882,0.9137065410614014,95.73833346366882,91.37065410614014,-4.3676793575286865
422,0.9575486183166504,0.9162209033966064,95.75486183166504,91.62209033966064,-4.1327714920043945
423,0.957696259021759,0.9192312359809875,95.7696259021759,91.92312359809875,-3.8465023040771484
424,0.9578396081924438,0.9224491715431213,95.78396081924438,92.24491715431213,-3.539043664932251
425,0.9579762816429138,0.9256737232208252,95.79762816429138,92.56737232208252,-3.2302558422088623
426,0.9581096768379211,0.9287832975387573,95.81096768379211,92.87832975387573,-2.932637929916382
427,0.9582372307777405,0.9317035675048828,95.82372307777405,93.17035675048828,-2.6533663272857666
428,0.9583257436752319,0.9342561960220337,95.8325743675232,93.42561960220337,-2.406954765319824
429,0.9583633542060852,0.9363372325897217,95.83633542060852,93.63372325897217,-2.2026121616363525
430,0.9583633542060852,0.9378119707107544,95.83633542060852,93.78119707107544,-2.055138349533081
431,0.9583542346954346,0.9388401508331299,95.83542346954346,93.88401508331299,-1.9514083862304688
432,0.9583466649055481,0.9395645260810852,95.83466649055481,93.95645260810852,-1.878213882446289
433,0.9583366513252258,0.94008868932724,95.83366513252258,94.008868932724,-1.824796199798584
434,0.9583275318145752,0.9404651522636414,95.83275318145752,94.04651522636414,-1.7862379550933838
435,0.9583200216293335,0.940733790397644,95.83200216293335,94.0733790397644,-1.7586231231689453
436,0.9583100080490112,0.9409254193305969,95.83100080490112,94.09254193305969,-1.7384588718414307
437,0.958299994468689,0.9410614967346191,95.8299994468689,94.10614967346191,-1.7238497734069824
438,0.9582908749580383,0.9411594867706299,95.82908749580383,94.11594867706299,-1.7131388187408447
439,0.9582833051681519,0.9412201046943665,95.82833051681519,94.12201046943665,-1.70632004737854
440,0.9582733511924744,0.9412610530853271,95.82733511924744,94.12610530853271,-1.7012298107147217
441,0.9582633376121521,0.9412925243377686,95.82633376121521,94.12925243377686,-1.6970813274383545
442,0.9582541584968567,0.9413201212882996,95.82541584968567,94.13201212882996,-1.693403720855713
443,0.958246648311615,0.9413488507270813,95.8246648311615,94.13488507270813,-1.6897797584533691
444,0.9582366943359375,0.9413911700248718,95.82366943359375,94.13911700248718,-1.6845524311065674
445,0.9582266807556152,0.941440224647522,95.82266807556152,94.1440224647522,-1.6786456108093262
446,0.9582175016403198,0.9414945244789124,95.82175016403198,94.14945244789124,-1.672297716140747
447,0.9582099914550781,0.9415527582168579,95.82099914550781,94.15527582168579,-1.6657233238220215
448,0.9581974744796753,0.9415811896324158,95.81974744796753,94.15811896324158,-1.6616284847259521
449,0.9581490159034729,0.9413736462593079,95.81490159034729,94.13736462593079,-1.677536964416504
450,0.958037257194519,0.9406881332397461,95.8037257194519,94.06881332397461,-1.734912395477295
451,0.9578529000282288,0.939399242401123,95.78529000282288,93.9399242401123,-1.8453657627105713
452,0.9575977325439453,0.9374393820762634,95.75977325439453,93.74393820762634,-2.0158350467681885
453,0.9572625160217285,0.9347344636917114,95.72625160217285,93.47344636917114,-2.252805233001709
454,0.9568480849266052,0.931255578994751,95.68480849266052,93.1255578994751,-2.559250593185425
455,0.9563454389572144,0.9269723892211914,95.63454389572144,92.69723892211914,-2.937304973602295
456,0.9558100700378418,0.9227671027183533,95.58100700378418,92.27671027183533,-3.3042967319488525
457,0.9555166959762573,0.9189704060554504,95.55166959762573,91.89704060554504,-3.6546289920806885
458,0.9551944136619568,0.9147428274154663,95.51944136619568,91.47428274154663,-4.045158624649048
459,0.954679548740387,0.910090982913971,95.4679548740387,91.0090982913971,-4.458856582641602
460,0.9543310403823853,0.906221330165863,95.43310403823853,90.6221330165863,-4.810971021652222
461,0.9541105628013611,0.9029198884963989,95.41105628013611,90.29198884963989,-5.119067430496216
462,0.9538035988807678,0.9000263214111328,95.38035988807678,90.00263214111328,-5.377727746963501
463,0.9536542892456055,0.8978493213653564,95.36542892456055,89.78493213653564,-5.580496788024902
464,0.9534668326377869,0.8959001898765564,95.34668326377869,89.59001898765564,-5.756664276123047
465,0.9532947540283203,0.8943462371826172,95.32947540283203,89.43462371826172,-5.8948516845703125
466,0.953228771686554,0.893674910068512,95.3228771686554,89.3674910068512,-5.955386161804199
467,0.953122079372406,0.8933162689208984,95.3122079372406,89.33162689208984,-5.980581045150757
468,0.9530213475227356,0.8933786749839783,95.30213475227356,89.33786749839783,-5.964267253875732
469,0.9529806971549988,0.8941176533699036,95.29806971549988,89.41176533699036,-5.8863043785095215
470,0.9529367089271545,0.8951436877250671,95.29367089271545,89.51436877250671,-5.77930212020874
471,0.9527953267097473,0.8957023620605469,95.27953267097473,89.57023620605469,-5.709296464920044
472,0.9527173042297363,0.8965358734130859,95.27173042297363,89.6535873413086,-5.618143081665039
473,0.952711284160614,0.8978138566017151,95.2711284160614,89.78138566017151,-5.489742755889893
474,0.95265132188797,0.8989534974098206,95.265132188797,89.89534974098206,-5.369782447814941
475,0.9525913000106812,0.9000458121299744,95.25913000106812,90.00458121299744,-5.254548788070679
476,0.9525479674339294,0.9010812044143677,95.25479674339294,90.10812044143677,-5.146676301956177
477,0.9524685740470886,0.9018506407737732,95.24685740470886,90.18506407737732,-5.061793327331543
478,0.9523885250091553,0.9024431705474854,95.23885250091553,90.24431705474854,-4.994535446166992
479,0.9523085355758667,0.9029136896133423,95.23085355758667,90.29136896133423,-4.939484596252441
480,0.9522278904914856,0.9032946228981018,95.22278904914856,90.32946228981018,-4.893326759338379
481,0.9521512389183044,0.9037230014801025,95.21512389183044,90.37230014801025,-4.84282374382019
482,0.952107846736908,0.9042027592658997,95.2107846736908,90.42027592658997,-4.79050874710083
483,0.9520084857940674,0.9043939113616943,95.20084857940674,90.43939113616943,-4.761457443237305
484,0.9519023895263672,0.9042874574661255,95.19023895263672,90.42874574661255,-4.76149320602417
485,0.9517805576324463,0.9039848446846008,95.17805576324463,90.39848446846008,-4.779571294784546
486,0.9517605900764465,0.9042450189590454,95.17605900764465,90.42450189590454,-4.751557111740112
487,0.9517177939414978,0.904638409614563,95.17177939414978,90.4638409614563,-4.7079384326934814
488,0.951638400554657,0.9049044251441956,95.1638400554657,90.49044251441956,-4.673397541046143
489,0.9515638947486877,0.9052039384841919,95.15638947486877,90.52039384841919,-4.635995626449585
490,0.9515239000320435,0.9057233929634094,95.15239000320435,90.57233929634094,-4.580050706863403
491,0.9514844417572021,0.9063110947608948,95.14844417572021,90.63110947608948,-4.517334699630737
492,0.9514450430870056,0.9068596959114075,95.14450430870056,90.68596959114075,-4.4585347175598145
493,0.9515539407730103,0.9085380434989929,95.15539407730103,90.85380434989929,-4.301589727401733
494,0.9517239928245544,0.9111658930778503,95.17239928245544,91.11658930778503,-4.05580997467041
495,0.9518840312957764,0.9142903089523315,95.18840312957764,91.42903089523315,-3.7593722343444824
496,0.9520379304885864,0.9176206588745117,95.20379304885864,91.76206588745117,-3.4417271614074707
497,0.9521879553794861,0.9209643006324768,95.21879553794861,92.09643006324768,-3.1223654747009277
498,0.9523341059684753,0.9242005348205566,95.23341059684753,92.42005348205566,-2.81335711479187
499,0.9524746537208557,0.9272792935371399,95.24746537208557,92.72792935371399,-2.519536018371582
500,0.9526113271713257,0.9301534295082092,95.26113271713257,93.01534295082092,-2.2457897663116455
501,0.9527446627616882,0.9328073859214783,95.27446627616882,93.28073859214783,-1.993727684020996
502,0.9528751969337463,0.935241162776947,95.28751969337463,93.5241162776947,-1.7634034156799316
503,0.9529852271080017,0.9374020099639893,95.29852271080017,93.74020099639893,-1.5583217144012451
504,0.9530528783798218,0.9391757845878601,95.30528783798218,93.91757845878601,-1.387709379196167
505,0.9530766606330872,0.940501868724823,95.30766606330872,94.0501868724823,-1.257479190826416
506,0.9530699849128723,0.9413711428642273,95.30699849128723,94.13711428642273,-1.169884204864502
507,0.95305997133255,0.9419193863868713,95.305997133255,94.19193863868713,-1.114058494567871
508,0.953050434589386,0.9422427415847778,95.3050434589386,94.22427415847778,-1.0807693004608154
509,0.9530404210090637,0.942406177520752,95.30404210090637,94.2406177520752,-1.0634243488311768
510,0.9530333280563354,0.9424578547477722,95.30333280563354,94.24578547477722,-1.0575473308563232
511,0.9530233144760132,0.942424476146698,95.30233144760132,94.2424476146698,-1.0598838329315186
512,0.9530071020126343,0.9422792196273804,95.30071020126343,94.22792196273804,-1.0727882385253906
513,0.9529608488082886,0.9419381022453308,95.29608488082886,94.19381022453308,-1.1022746562957764
514,0.9529004096984863,0.9414203763008118,95.29004096984863,94.14203763008118,-1.148003339767456
515,0.9528445601463318,0.9407614469528198,95.28445601463318,94.07614469528198,-1.2083113193511963
516,0.9527445435523987,0.9398894309997559,95.27445435523987,93.98894309997559,-1.2855112552642822
517,0.9526708126068115,0.9389751553535461,95.26708126068115,93.89751553535461,-1.369565725326538
518,0.952594518661499,0.9379764795303345,95.2594518661499,93.79764795303345,-1.461803913116455
519,0.9524756669998169,0.9366836547851562,95.24756669998169,93.66836547851562,-1.5792012214660645
520,0.9522923231124878,0.9349743127822876,95.22923231124878,93.49743127822876,-1.7318010330200195
521,0.9520856142044067,0.9329637289047241,95.20856142044067,93.29637289047241,-1.9121885299682617
522,0.9518855810165405,0.930823028087616,95.18855810165405,93.0823028087616,-2.106255292892456
523,0.9517122507095337,0.928679347038269,95.17122507095337,92.8679347038269,-2.303290367126465
524,0.9515518546104431,0.9265949726104736,95.15518546104431,92.65949726104736,-2.4956881999969482
525,0.9514047503471375,0.9245489239692688,95.14047503471375,92.45489239692688,-2.6855826377868652
526,0.9512354731559753,0.9224626421928406,95.12354731559753,92.24626421928406,-2.8772830963134766
527,0.9510617256164551,0.9203935861587524,95.10617256164551,92.03935861587524,-3.0668139457702637
528,0.9509080648422241,0.9184446930885315,95.09080648422241,91.84446930885315,-3.2463371753692627
529,0.9507646560668945,0.9167185425758362,95.07646560668945,91.67185425758362,-3.404611349105835
530,0.9506639838218689,0.9154139161109924,95.06639838218689,91.54139161109924,-3.5250067710876465
531,0.9506036639213562,0.9145880341529846,95.06036639213562,91.45880341529846,-3.601562976837158
532,0.9505569934844971,0.9141461253166199,95.0556993484497,91.41461253166199,-3.6410868167877197
533,0.9505103230476379,0.913964569568634,95.0510323047638,91.3964569568634,-3.6545753479003906
534,0.9504606127738953,0.9139599800109863,95.04606127738953,91.39599800109863,-3.6500632762908936
535,0.9504139423370361,0.914076030254364,95.04139423370361,91.4076030254364,-3.633791208267212
536,0.9503511786460876,0.9141287207603455,95.03511786460876,91.41287207603455,-3.6222457885742188
537,0.9502205848693848,0.913838803768158,95.02205848693848,91.3838803768158,-3.6381781101226807
538,0.9501405954360962,0.9135667085647583,95.01405954360962,91.35667085647583,-3.657388687133789
539,0.9500766396522522,0.9134111404418945,95.00766396522522,91.34111404418945,-3.6665499210357666
540,0.950083315372467,0.9138126373291016,95.0083315372467,91.38126373291016,-3.627067804336548
541,0.9500866532325745,0.9145134687423706,95.00866532325745,91.45134687423706,-3.5573184490203857
542,0.9500669240951538,0.9151877164840698,95.00669240951538,91.51877164840698,-3.4879207611083984
543,0.9500202536582947,0.9156963229179382,95.00202536582947,91.56963229179382,-3.4323930740356445
544,0.9499830603599548,0.916205108165741,94.99830603599548,91.6205108165741,-3.3777952194213867
545,0.9500225782394409,0.9172742366790771,95.00225782394409,91.72742366790771,-3.274834156036377
546,0.9501454830169678,0.9189948439598083,95.01454830169678,91.89948439598083,-3.1150639057159424
547,0.9502957463264465,0.9212753176689148,95.02957463264465,92.12753176689148,-2.902042865753174
548,0.9504357576370239,0.9238488674163818,95.04357576370239,92.38488674163818,-2.658689022064209
549,0.9505724310874939,0.9265321493148804,95.05724310874939,92.65321493148804,-2.4040281772613525
550,0.9507024884223938,0.9291864633560181,95.07024884223938,92.9186463356018,-2.1516025066375732
551,0.9508126974105835,0.9316512942314148,95.08126974105835,93.16512942314148,-1.9161403179168701
552,0.9508733153343201,0.9336929321289062,95.087331533432,93.36929321289062,-1.7180383205413818
553,0.9508868455886841,0.9352195858955383,95.08868455886841,93.52195858955383,-1.5667259693145752
554,0.9508799910545349,0.9362674355506897,95.08799910545349,93.62674355506897,-1.4612555503845215
555,0.9508699774742126,0.9369878768920898,95.08699774742126,93.69878768920898,-1.3882100582122803
556,0.9508602023124695,0.9374776482582092,95.08602023124695,93.74776482582092,-1.3382554054260254
557,0.9508533477783203,0.9378030300140381,95.08533477783203,93.78030300140381,-1.3050317764282227
558,0.950843334197998,0.9380119442939758,95.0843334197998,93.80119442939758,-1.2831389904022217
559,0.9508333206176758,0.9381399154663086,95.08333206176758,93.81399154663086,-1.2693405151367188
560,0.9508234858512878,0.9382122159004211,95.08234858512878,93.82122159004211,-1.26112699508667
561,0.9508166909217834,0.9382355213165283,95.08166909217834,93.82355213165283,-1.2581169605255127
562,0.9508066773414612,0.9382331967353821,95.08066773414612,93.82331967353821,-1.2573480606079102
563,0.9507966637611389,0.9382173418998718,95.07966637611389,93.82173418998718,-1.257932186126709
564,0.950786828994751,0.9381963610649109,95.0786828994751,93.81963610649109,-1.2590467929840088
565,0.9507799744606018,0.9381757974624634,95.07799744606018,93.81757974624634,-1.2604176998138428
566,0.9507700204849243,0.9381553530693054,95.07700204849243,93.81553530693054,-1.2614667415618896
567,0.950760006904602,0.9381375312805176,95.0760006904602,93.81375312805176,-1.2622475624084473
568,0.9507501125335693,0.9381240010261536,95.07501125335693,93.81240010261536,-1.2626111507415771
569,0.9507400989532471,0.938065767288208,95.0740098953247,93.8065767288208,-1.2674331665039062
570,0.9506903290748596,0.9377402663230896,95.06903290748596,93.77402663230896,-1.295006275177002
571,0.9505738019943237,0.9369058609008789,95.05738019943237,93.69058609008789,-1.3667941093444824
572,0.950390636920929,0.9354591369628906,95.0390636920929,93.54591369628906,-1.493149995803833
573,0.9501638412475586,0.9336838722229004,95.01638412475586,93.36838722229004,-1.6479969024658203
574,0.9500102996826172,0.9318531155586243,95.00102996826172,93.18531155586243,-1.815718412399292
575,0.9498603343963623,0.9300328493118286,94.98603343963623,93.00328493118286,-1.9827485084533691
576,0.9497500658035278,0.9284323453903198,94.97500658035278,92.84323453903198,-2.131772041320801
577,0.9497200846672058,0.927348256111145,94.97200846672058,92.7348256111145,-2.237182855606079
578,0.9496867656707764,0.926516056060791,94.96867656707764,92.6516056060791,-2.317070960998535
579,0.9496100544929504,0.9257316589355469,94.96100544929504,92.57316589355469,-2.3878395557403564
580,0.9495600461959839,0.9251632690429688,94.95600461959839,92.51632690429688,-2.4396777153015137
581,0.9495300054550171,0.9248737692832947,94.95300054550171,92.48737692832947,-2.465623617172241
582,0.9495232701301575,0.9248937964439392,94.95232701301575,92.48937964439392,-2.462947368621826
583,0.9495333433151245,0.9251999258995056,94.95333433151245,92.51999258995056,-2.4333417415618896
584,0.94951331615448,0.9255610704421997,94.951331615448,92.55610704421997,-2.3952245712280273
585,0.9495067000389099,0.9258970618247986,94.95067000389099,92.58970618247986,-2.360963821411133
586,0.9494400024414062,0.9260037541389465,94.94400024414062,92.60037541389465,-2.3436248302459717
587,0.9494033455848694,0.9261221885681152,94.94033455848694,92.61221885681152,-2.328115701675415
588,0.9493866562843323,0.9263623952865601,94.93866562843323,92.636239528656,-2.3024260997772217
589,0.9493899941444397,0.9267653226852417,94.93899941444397,92.67653226852417,-2.2624671459198
590,0.9493699669837952,0.9271292686462402,94.93699669837952,92.71292686462402,-2.224069833755493
591,0.9493399858474731,0.927406907081604,94.93399858474731,92.7406907081604,-2.193307876586914
592,0.9492999315261841,0.9275217652320862,94.92999315261841,92.75217652320862,-2.17781662940979
593,0.949229896068573,0.927364706993103,94.9229896068573,92.7364706993103,-2.186518907546997
594,0.9491365551948547,0.9268728494644165,94.91365551948547,92.68728494644165,-2.2263705730438232
595,0.949009895324707,0.9260823726654053,94.9009895324707,92.60823726654053,-2.292752265930176
596,0.9488964676856995,0.9250528812408447,94.88964676856995,92.50528812408447,-2.3843586444854736
597,0.9487465023994446,0.9237986207008362,94.87465023994446,92.37986207008362,-2.49478816986084
598,0.9486199617385864,0.9226655960083008,94.86199617385864,92.26655960083008,-2.5954365730285645
599,0.9485699534416199,0.921899139881134,94.85699534416199,92.1899139881134,-2.667081356048584
600,0.9485164880752563,0.9212679266929626,94.85164880752563,92.12679266929626,-2.72485613822937
601,0.9484297633171082,0.9205766320228577,94.84297633171082,92.05766320228577,-2.785313129425049
602,0.9483397603034973,0.9198510050773621,94.83397603034973,91.9851005077362,-2.8488755226135254
603,0.9482498168945312,0.9192137718200684,94.82498168945312,91.92137718200684,-2.903604507446289
604,0.9481965899467468,0.9188228249549866,94.81965899467468,91.88228249549866,-2.9373764991760254
605,0.9481565952301025,0.9186489582061768,94.81565952301025,91.86489582061768,-2.950763702392578
606,0.9481131434440613,0.9185445308685303,94.81131434440613,91.85445308685303,-2.9568612575531006
607,0.9480227828025818,0.9181014895439148,94.80227828025818,91.81014895439148,-2.992129325866699
608,0.9478359222412109,0.9168193936347961,94.7835922241211,91.68193936347961,-3.1016528606414795
609,0.9475893974304199,0.9150526523590088,94.75893974304199,91.50526523590088,-3.2536745071411133
610,0.9474095106124878,0.9133434891700745,94.74095106124878,91.33434891700745,-3.406602144241333
611,0.9472795128822327,0.9118330478668213,94.72795128822327,91.18330478668213,-3.5446465015411377
612,0.9471802711486816,0.9109132289886475,94.71802711486816,91.09132289886475,-3.626704216003418
613,0.9472841620445251,0.9115347266197205,94.72841620445251,91.15347266197205,-3.5749435424804688
614,0.947450578212738,0.9133672714233398,94.7450578212738,91.33672714233398,-3.4083306789398193
615,0.9475972652435303,0.9159474968910217,94.75972652435303,91.59474968910217,-3.1649768352508545
616,0.9477406144142151,0.9189320206642151,94.77406144142151,91.89320206642151,-2.880859375
617,0.9478772878646851,0.9220828413963318,94.7877287864685,92.20828413963318,-2.579444646835327
618,0.948007345199585,0.9251916408538818,94.8007345199585,92.51916408538818,-2.2815704345703125
619,0.9481136798858643,0.9280368685722351,94.81136798858643,92.80368685722351,-2.007681131362915
620,0.948170006275177,0.9303826093673706,94.8170006275177,93.03826093673706,-1.7787396907806396
621,0.9481800198554993,0.9321379661560059,94.81800198554993,93.21379661560059,-1.6042053699493408
622,0.948170006275177,0.933386504650116,94.8170006275177,93.3386504650116,-1.4783501625061035
623,0.9481599926948547,0.934283971786499,94.81599926948547,93.4283971786499,-1.3876020908355713
624,0.9481531381607056,0.9349340796470642,94.81531381607056,93.49340796470642,-1.3219058513641357
625,0.9481433629989624,0.9354057312011719,94.81433629989624,93.54057312011719,-1.2737631797790527
626,0.9481333494186401,0.9357351064682007,94.81333494186401,93.57351064682007,-1.2398242950439453
627,0.9481264352798462,0.9359656572341919,94.81264352798462,93.59656572341919,-1.2160778045654297
628,0.948116660118103,0.9361268281936646,94.8116660118103,93.61268281936646,-1.1989831924438477
629,0.9481066465377808,0.9362366199493408,94.81066465377808,93.62366199493408,-1.1870026588439941
630,0.9480966925621033,0.9363104701042175,94.80966925621033,93.63104701042175,-1.1786222457885742
631,0.9480897784233093,0.9363592863082886,94.80897784233093,93.63592863082886,-1.1730492115020752
632,0.9480800032615662,0.9363903403282166,94.80800032615662,93.63903403282166,-1.168966293334961
633,0.9480699896812439,0.9364104270935059,94.80699896812439,93.64104270935059,-1.1659562587738037
634,0.94806307554245,0.9364227652549744,94.806307554245,93.64227652549744,-1.1640310287475586
635,0.9480533599853516,0.9364312291145325,94.80533599853516,93.64312291145325,-1.1622130870819092
636,0.9480433464050293,0.9364379048347473,94.80433464050293,93.64379048347473,-1.1605441570281982
637,0.948033332824707,0.936444103717804,94.8033332824707,93.6444103717804,-1.1589229106903076
638,0.9480263590812683,0.9364516139030457,94.80263590812683,93.64516139030457,-1.1574745178222656
639,0.9480166435241699,0.9364614486694336,94.80166435241699,93.64614486694336,-1.1555194854736328
640,0.9480066895484924,0.9364727139472961,94.80066895484924,93.64727139472961,-1.153397560119629
641,0.9479966759681702,0.9364864230155945,94.79966759681702,93.64864230155945,-1.1510252952575684
642,0.9479897022247314,0.9365028142929077,94.79897022247314,93.65028142929077,-1.148688793182373
643,0.9479799866676331,0.9365215301513672,94.7979986667633,93.65215301513672,-1.145845651626587
644,0.9479699730873108,0.936542272567749,94.79699730873108,93.6542272567749,-1.1427700519561768
645,0.9479629993438721,0.9365665912628174,94.7962999343872,93.65665912628174,-1.1396408081054688
646,0.947950005531311,0.9365807175636292,94.7950005531311,93.65807175636292,-1.1369287967681885
647,0.9479259848594666,0.9364646673202515,94.79259848594666,93.64646673202515,-1.1461317539215088
648,0.9478586316108704,0.9359920620918274,94.78586316108704,93.59920620918274,-1.1866569519042969
649,0.9477252960205078,0.9350435137748718,94.77252960205078,93.50435137748718,-1.2681782245635986
650,0.9475778937339783,0.933688223361969,94.75778937339783,93.3688223361969,-1.3889670372009277
651,0.9474052786827087,0.9320802092552185,94.74052786827087,93.20802092552185,-1.5325069427490234
652,0.9472652077674866,0.9303889274597168,94.72652077674866,93.03889274597168,-1.6876280307769775
653,0.947114109992981,0.9283537268638611,94.7114109992981,92.83537268638611,-1.8760383129119873
654,0.946867048740387,0.9258096814155579,94.6867048740387,92.58096814155579,-2.10573673248291
655,0.9466010928153992,0.923088788986206,94.66010928153992,92.3088788986206,-2.3512303829193115
656,0.9463943839073181,0.9204105734825134,94.63943839073181,92.04105734825134,-2.5983810424804688
657,0.9462010264396667,0.9177860021591187,94.62010264396667,91.77860021591187,-2.8415024280548096
658,0.9460039138793945,0.9151255488395691,94.60039138793945,91.51255488395691,-3.087836503982544
659,0.9457913637161255,0.9125615358352661,94.57913637161255,91.25615358352661,-3.3229827880859375
660,0.9456321001052856,0.9104586243629456,94.56321001052856,91.04586243629456,-3.517347574234009
661,0.945538341999054,0.908829391002655,94.5538341999054,90.8829391002655,-3.6708950996398926
662,0.9454324841499329,0.907590925693512,94.54324841499329,90.7590925693512,-3.78415584564209
663,0.945365846157074,0.9068068265914917,94.5365846157074,90.68068265914917,-3.8559019565582275
664,0.9453024864196777,0.9063714146614075,94.53024864196777,90.63714146614075,-3.8931071758270264
665,0.9452491402626038,0.906133234500885,94.52491402626038,90.6133234500885,-3.911590576171875
666,0.9451691508293152,0.9059446454048157,94.51691508293152,90.59446454048157,-3.922450542449951
667,0.945105791091919,0.9059315323829651,94.5105791091919,90.59315323829651,-3.9174258708953857
668,0.9450666904449463,0.9062848687171936,94.50666904449463,90.62848687171936,-3.8781821727752686
669,0.945086658000946,0.9072445631027222,94.5086658000946,90.72445631027222,-3.7842094898223877
670,0.9451394081115723,0.9088913202285767,94.51394081115723,90.88913202285767,-3.6248087882995605
671,0.9453023076057434,0.9114784002304077,94.53023076057434,91.14784002304077,-3.3823907375335693
672,0.9454490542411804,0.9145691990852356,94.54490542411804,91.45691990852356,-3.0879855155944824
673,0.9455890655517578,0.9178650975227356,94.55890655517578,91.78650975227356,-2.7723968029022217
674,0.9457247853279114,0.9211535453796387,94.57247853279114,92.11535453796387,-2.4571239948272705
675,0.9458419680595398,0.9242988228797913,94.58419680595398,92.42988228797913,-2.1543145179748535
676,0.9459719657897949,0.927280843257904,94.59719657897949,92.7280843257904,-1.869112253189087
677,0.9460909962654114,0.9300165772438049,94.60909962654114,93.0016577243805,-1.6074419021606445
678,0.9461705088615417,0.9323424100875854,94.61705088615417,93.23424100875854,-1.3828098773956299
679,0.9462071657180786,0.9341422915458679,94.62071657180786,93.41422915458679,-1.2064874172210693
680,0.9462166428565979,0.9354499578475952,94.62166428565979,93.54499578475952,-1.0766685009002686
681,0.9462166428565979,0.9363753795623779,94.62166428565979,93.6375379562378,-0.9841263294219971
682,0.9462066888809204,0.9369996190071106,94.62066888809204,93.69996190071106,-0.9207069873809814
683,0.9461994767189026,0.937416136264801,94.61994767189026,93.7416136264801,-0.8783340454101562
684,0.9461899995803833,0.937684178352356,94.61899995803833,93.7684178352356,-0.8505821228027344
685,0.946179986000061,0.9378434419631958,94.6179986000061,93.78434419631958,-0.8336544036865234
686,0.9461699724197388,0.937923014163971,94.61699724197388,93.7923014163971,-0.8246958255767822
687,0.946162760257721,0.9379439949989319,94.6162760257721,93.79439949989319,-0.8218765258789062
688,0.9461533427238464,0.9379236102104187,94.61533427238464,93.79236102104187,-0.8229732513427734
689,0.9461433291435242,0.9378730058670044,94.61433291435242,93.78730058670044,-0.8270323276519775
690,0.9461333155632019,0.9378036856651306,94.61333155632019,93.78036856651306,-0.8329629898071289
691,0.9461261034011841,0.9377244114875793,94.61261034011841,93.77244114875793,-0.8401691913604736
692,0.9461166858673096,0.9376423358917236,94.61166858673096,93.76423358917236,-0.8474349975585938
693,0.9461066722869873,0.9375636577606201,94.61066722869873,93.75636577606201,-0.8543014526367188
694,0.946096658706665,0.9374808073043823,94.6096658706665,93.74808073043823,-0.8615851402282715
695,0.9460793733596802,0.9373502731323242,94.60793733596802,93.73502731323242,-0.8729100227355957
696,0.9460427165031433,0.9371204972267151,94.60427165031433,93.71204972267151,-0.8922219276428223
697,0.9460014700889587,0.9367437958717346,94.60014700889587,93.67437958717346,-0.9257674217224121
698,0.9459142088890076,0.936022162437439,94.59142088890076,93.6022162437439,-0.9892046451568604
699,0.9457735419273376,0.9349073767662048,94.57735419273376,93.49073767662048,-1.0866165161132812
700,0.945623517036438,0.9334425330162048,94.5623517036438,93.34425330162048,-1.2180984020233154
701,0.9454474449157715,0.9318414330482483,94.54474449157715,93.18414330482483,-1.3606011867523193
702,0.9453228116035461,0.9301150441169739,94.53228116035461,93.01150441169739,-1.5207767486572266
703,0.9451587200164795,0.9283885359764099,94.51587200164795,92.83885359764099,-1.677018404006958
704,0.945106029510498,0.9272077679634094,94.5106029510498,92.72077679634094,-1.7898261547088623
705,0.9450926780700684,0.9265202879905701,94.50926780700684,92.652028799057,-1.857239007949829
706,0.9450259804725647,0.9256430864334106,94.50259804725647,92.56430864334106,-1.9382894039154053
707,0.9448273181915283,0.9243172407150269,94.48273181915283,92.43172407150269,-2.0510077476501465
708,0.9446839690208435,0.9229093194007874,94.46839690208435,92.29093194007874,-2.1774649620056152
709,0.9445359110832214,0.9212551712989807,94.45359110832214,92.12551712989807,-2.3280739784240723
710,0.9443265795707703,0.9193785786628723,94.43265795707703,91.93785786628723,-2.494800090789795
711,0.9441719651222229,0.917896032333374,94.41719651222229,91.7896032333374,-2.6275932788848877
712,0.9441400170326233,0.9171456694602966,94.41400170326233,91.71456694602966,-2.699434757232666
713,0.944130539894104,0.9167789220809937,94.4130539894104,91.67789220809937,-2.735161781311035
714,0.9440104961395264,0.9161391258239746,94.40104961395264,91.61391258239746,-2.787137031555176
715,0.9438918828964233,0.9155017733573914,94.38918828964233,91.55017733573914,-2.8390109539031982
716,0.9438455104827881,0.9152601957321167,94.38455104827881,91.52601957321167,-2.8585314750671387
717,0.9439181089401245,0.9160327911376953,94.39181089401245,91.60327911376953,-2.78853178024292
718,0.9439814686775208,0.9174549579620361,94.39814686775208,91.74549579620361,-2.652651071548462
719,0.9440803527832031,0.9194163680076599,94.40803527832031,91.94163680076599,-2.4663984775543213
720,0.9442263245582581,0.9219175577163696,94.4226324558258,92.19175577163696,-2.2308766841888428
721,0.944362223148346,0.9246853590011597,94.4362223148346,92.46853590011597,-1.967686414718628
722,0.9444929957389832,0.9275327324867249,94.44929957389832,92.75327324867249,-1.69602632522583
723,0.9446156024932861,0.9302966594696045,94.46156024932861,93.02966594696045,-1.431894302368164
724,0.9446941018104553,0.932726263999939,94.46941018104553,93.2726263999939,-1.1967837810516357
725,0.9447240829467773,0.9346669912338257,94.47240829467773,93.46669912338257,-1.005709171295166
726,0.9447399973869324,0.9361754655838013,94.47399973869324,93.61754655838013,-0.8564531803131104
727,0.9447399973869324,0.9373305439949036,94.47399973869324,93.73305439949036,-0.7409453392028809
728,0.9447399973869324,0.9382244944572449,94.47399973869324,93.82244944572449,-0.65155029296875
729,0.9447258710861206,0.9388304948806763,94.47258710861206,93.88304948806763,-0.5895376205444336
730,0.9446775913238525,0.9390297532081604,94.46775913238525,93.90297532081604,-0.5647838115692139
731,0.9445659518241882,0.9386588335037231,94.45659518241882,93.86588335037231,-0.5907118320465088
732,0.944395124912262,0.9376809597015381,94.4395124912262,93.76809597015381,-0.6714165210723877
733,0.9441933631896973,0.9363817572593689,94.41933631896973,93.63817572593689,-0.7811605930328369
734,0.9440450668334961,0.9348419308662415,94.40450668334961,93.48419308662415,-0.9203135967254639
735,0.9438341856002808,0.9329281449317932,94.38341856002808,93.29281449317932,-1.0906040668487549
736,0.943601667881012,0.9307678937911987,94.3601667881012,93.07678937911987,-1.2833774089813232
737,0.9433799386024475,0.9283279180526733,94.33799386024475,92.83279180526733,-1.505202054977417
738,0.9431065320968628,0.925640344619751,94.31065320968628,92.5640344619751,-1.7466187477111816
739,0.9428473711013794,0.9228560924530029,94.28473711013794,92.2856092453003,-1.9991278648376465
740,0.9426048398017883,0.9201751351356506,94.26048398017883,92.01751351356506,-2.2429704666137695
741,0.9424048066139221,0.9176241755485535,94.24048066139221,91.76241755485535,-2.4780631065368652
742,0.942203164100647,0.9153289198875427,94.2203164100647,91.53289198875427,-2.687424421310425
743,0.9420564770698547,0.913384199142456,94.20564770698547,91.3384199142456,-2.867227792739868
744,0.9419240355491638,0.9118065237998962,94.19240355491638,91.18065237998962,-3.011751174926758
745,0.9418197870254517,0.9105212092399597,94.18197870254517,91.05212092399597,-3.1298577785491943
746,0.9416972994804382,0.9094375371932983,94.16972994804382,90.94375371932983,-3.2259762287139893
747,0.9415957927703857,0.90873122215271,94.15957927703857,90.873122215271,-3.286457061767578
748,0.9415457844734192,0.9086278676986694,94.15457844734192,90.86278676986694,-3.2917916774749756
749,0.9415324330329895,0.9090080261230469,94.15324330329895,90.90080261230469,-3.2524406909942627
750,0.9414957761764526,0.9096328020095825,94.14957761764526,90.96328020095825,-3.1862974166870117
751,0.9414775967597961,0.9105815887451172,94.14775967597961,91.05815887451172,-3.0896008014678955
752,0.9415009021759033,0.9119971394538879,94.15009021759033,91.1997139453888,-2.950376272201538
753,0.9415561556816101,0.9139654636383057,94.15561556816101,91.39654636383057,-2.7590692043304443
754,0.9416813254356384,0.9165753126144409,94.16813254356384,91.65753126144409,-2.510601282119751
755,0.9418371319770813,0.9195845127105713,94.18371319770813,91.95845127105713,-2.225261926651001
756,0.9419838190078735,0.9227562546730042,94.19838190078735,92.27562546730042,-1.9227564334869385
757,0.9421271681785583,0.9259282350540161,94.21271681785583,92.59282350540161,-1.6198933124542236
758,0.9422595500946045,0.9289584159851074,94.22595500946045,92.89584159851074,-1.330113410949707
759,0.942360520362854,0.9317303895950317,94.2360520362854,93.17303895950317,-1.0630130767822266
760,0.9424939155578613,0.9343699216842651,94.24939155578613,93.43699216842651,-0.8123993873596191
761,0.942620575428009,0.9368312358856201,94.2620575428009,93.68312358856201,-0.5789339542388916
762,0.9427186250686646,0.9390133619308472,94.27186250686646,93.90133619308472,-0.3705263137817383
763,0.9427710175514221,0.9407789707183838,94.27710175514221,94.07789707183838,-0.199204683303833
764,0.9427756667137146,0.942064106464386,94.27756667137146,94.2064106464386,-0.07115602493286133
765,0.9427666664123535,0.9429750442504883,94.27666664123535,94.29750442504883,0.020837783813476562
766,0.9427599906921387,0.9436350464820862,94.27599906921387,94.36350464820862,0.08750557899475098
767,0.9427489638328552,0.9440599679946899,94.27489638328552,94.405996799469,0.13110041618347168
768,0.9427036046981812,0.9441354870796204,94.27036046981812,94.41354870796204,0.1431882381439209
769,0.9425915479660034,0.9437010884284973,94.25915479660034,94.37010884284973,0.11095404624938965
770,0.9424117803573608,0.9426522850990295,94.24117803573608,94.26522850990295,0.024050474166870117
771,0.9421640038490295,0.9410160183906555,94.21640038490295,94.10160183906555,-0.11479854583740234
772,0.9418937563896179,0.9391171932220459,94.18937563896179,93.91171932220459,-0.27765631675720215
773,0.9417024850845337,0.9372751712799072,94.17024850845337,93.72751712799072,-0.4427313804626465
774,0.9415714144706726,0.9355015754699707,94.15714144706726,93.55015754699707,-0.6069839000701904
775,0.9414113759994507,0.9336422085762024,94.14113759994507,93.36422085762024,-0.7769167423248291
776,0.941230297088623,0.9316293001174927,94.1230297088623,93.16293001174927,-0.9600996971130371
777,0.941023588180542,0.9294804930686951,94.1023588180542,92.9480493068695,-1.1543095111846924
778,0.9407970309257507,0.9269866347312927,94.07970309257507,92.69866347312927,-1.3810396194458008
779,0.9404869675636292,0.9241645336151123,94.04869675636292,92.41645336151123,-1.6322433948516846
780,0.9402068257331848,0.9214079976081848,94.02068257331848,92.14079976081848,-1.8798828125
781,0.939998984336853,0.9190404415130615,93.9998984336853,91.90404415130615,-2.0958542823791504
782,0.9398655891418457,0.9171697497367859,93.98655891418457,91.71697497367859,-2.2695839405059814
783,0.939751148223877,0.9155299067497253,93.9751148223877,91.55299067497253,-2.422124147415161
784,0.9396044611930847,0.9142496585845947,93.96044611930847,91.42496585845947,-2.535480260848999
785,0.9395477771759033,0.9135152697563171,93.95477771759033,91.35152697563171,-2.603250741958618
786,0.9394910931587219,0.9131938815116882,93.94910931587219,91.31938815116882,-2.629721164703369
787,0.9394533038139343,0.9133201241493225,93.94533038139343,91.33201241493225,-2.6133179664611816
788,0.9394422173500061,0.9138169288635254,93.94422173500061,91.38169288635254,-2.5625288486480713
789,0.939414381980896,0.9143975377082825,93.9414381980896,91.43975377082825,-2.5016844272613525
790,0.9393576979637146,0.9149070382118225,93.93576979637146,91.49070382118225,-2.445065975189209
791,0.9393043518066406,0.915425717830658,93.93043518066406,91.5425717830658,-2.3878633975982666
792,0.9392778277397156,0.9161512851715088,93.92778277397156,91.61512851715088,-2.3126542568206787
793,0.9392988681793213,0.9171595573425293,93.92988681793213,91.71595573425293,-2.213931083679199
794,0.9392576813697815,0.9179858565330505,93.92576813697815,91.79858565330505,-2.1271824836730957
795,0.9392043352127075,0.9186310172080994,93.92043352127075,91.86310172080994,-2.0573318004608154
796,0.9391509890556335,0.9191589951515198,93.91509890556335,91.91589951515198,-1.999199390411377
797,0.9390954971313477,0.919609785079956,93.90954971313477,91.9609785079956,-1.9485712051391602
798,0.9390409588813782,0.9199954867362976,93.90409588813782,91.99954867362976,-1.9045472145080566
799,0.9389864206314087,0.9202811121940613,93.89864206314087,92.02811121940613,-1.8705308437347412
800,0.9389097094535828,0.9203036427497864,93.89097094535828,92.03036427497864,-1.8606066703796387
801,0.9387873411178589,0.9199454188346863,93.87873411178589,91.99454188346863,-1.8841922283172607
802,0.9386012554168701,0.9187824726104736,93.86012554168701,91.87824726104736,-1.9818782806396484
803,0.9382802844047546,0.9169690608978271,93.82802844047546,91.69690608978271,-2.131122350692749
804,0.9380256533622742,0.914862334728241,93.80256533622742,91.4862334728241,-2.3163318634033203
805,0.9377623200416565,0.912499725818634,93.77623200416565,91.2499725818634,-2.526259422302246
806,0.9375342130661011,0.9106427431106567,93.75342130661011,91.06427431106567,-2.6891469955444336
807,0.9374471306800842,0.9090850949287415,93.74471306800842,90.90850949287415,-2.8362035751342773
808,0.9372571110725403,0.907511293888092,93.72571110725403,90.7511293888092,-2.974581718444824
809,0.9371037483215332,0.9061171412467957,93.71037483215332,90.61171412467957,-3.098660707473755
810,0.9369754195213318,0.9052042961120605,93.69754195213318,90.52042961120605,-3.177112340927124
811,0.9369220733642578,0.9049256443977356,93.69220733642578,90.49256443977356,-3.1996428966522217
812,0.9368808269500732,0.9049685001373291,93.68808269500732,90.49685001373291,-3.191232681274414
813,0.9368074536323547,0.9051426649093628,93.68074536323547,90.51426649093628,-3.1664788722991943
814,0.9367566704750061,0.9056158065795898,93.67566704750061,90.56158065795898,-3.114086389541626
815,0.9367466568946838,0.906507670879364,93.67466568946838,90.6507670879364,-3.0238986015319824
816,0.9367541074752808,0.9076073169708252,93.67541074752808,90.76073169708252,-2.9146790504455566
817,0.9367166757583618,0.9086860418319702,93.67166757583618,90.86860418319702,-2.80306339263916
818,0.9367346167564392,0.9100517630577087,93.67346167564392,91.00517630577087,-2.668285369873047
819,0.9367440342903137,0.9113814234733582,93.67440342903137,91.13814234733582,-2.5362610816955566
820,0.9366999864578247,0.9125027656555176,93.66999864578247,91.25027656555176,-2.419722080230713
821,0.9366820454597473,0.9134991765022278,93.66820454597473,91.34991765022278,-2.318286895751953
822,0.9366539716720581,0.9145656228065491,93.66539716720581,91.45656228065491,-2.2088348865509033
823,0.9367280006408691,0.9160317182540894,93.67280006408691,91.60317182540894,-2.0696282386779785
824,0.9367486834526062,0.9174078106880188,93.67486834526062,91.74078106880188,-1.9340872764587402
825,0.9367039799690247,0.9183387756347656,93.67039799690247,91.83387756347656,-1.8365204334259033
826,0.9366406202316284,0.9189234972000122,93.66406202316284,91.89234972000122,-1.771712303161621
827,0.9365806579589844,0.919273316860199,93.65806579589844,91.9273316860199,-1.73073410987854
828,0.9365266561508179,0.9196122288703918,93.65266561508179,91.96122288703918,-1.6914427280426025
829,0.9365119934082031,0.9199921488761902,93.65119934082031,91.99921488761902,-1.651984453201294
830,0.9364672899246216,0.9202252626419067,93.64672899246216,92.02252626419067,-1.6242027282714844
831,0.93641197681427,0.9204075336456299,93.641197681427,92.04075336456299,-1.6004443168640137
832,0.9363933205604553,0.9207141995429993,93.63933205604553,92.07141995429993,-1.5679121017456055
833,0.9364027976989746,0.9213160276412964,93.64027976989746,92.13160276412964,-1.5086770057678223
834,0.9364466667175293,0.9221595525741577,93.64466667175293,92.21595525741577,-1.4287114143371582
835,0.9364714026451111,0.9231221079826355,93.64714026451111,92.31221079826355,-1.3349294662475586
836,0.9365322589874268,0.9244061708450317,93.65322589874268,92.44061708450317,-1.212608814239502
837,0.9366770386695862,0.9261319637298584,93.66770386695862,92.61319637298584,-1.0545074939727783
838,0.9368337392807007,0.9281312227249146,93.68337392807007,92.81312227249146,-0.8702516555786133
839,0.9369756579399109,0.930244505405426,93.69756579399109,93.0244505405426,-0.6731152534484863
840,0.9370909333229065,0.9322988986968994,93.70909333229065,93.22988986968994,-0.479203462600708
841,0.9371585845947266,0.9340983033180237,93.71585845947266,93.40983033180237,-0.3060281276702881
842,0.9371109008789062,0.9350343346595764,93.71109008789062,93.50343346595764,-0.2076566219329834
843,0.9369742274284363,0.93514084815979,93.69742274284363,93.514084815979,-0.18333792686462402
844,0.9368456602096558,0.9347985982894897,93.68456602096558,93.47985982894897,-0.20470619201660156
845,0.936744213104248,0.9341747164726257,93.6744213104248,93.41747164726257,-0.25694966316223145
846,0.9366275072097778,0.9333046078681946,93.66275072097778,93.33046078681946,-0.3322899341583252
847,0.9365074634552002,0.9322461485862732,93.65074634552002,93.22461485862732,-0.4261314868927002
848,0.9363808035850525,0.9309651851654053,93.63808035850525,93.09651851654053,-0.5415618419647217
849,0.9362211227416992,0.9293752312660217,93.62211227416992,92.93752312660217,-0.684589147567749
850,0.9360262751579285,0.9274937510490417,93.60262751579285,92.74937510490417,-0.8532524108886719
851,0.9358325600624084,0.9255755543708801,93.58325600624084,92.55755543708801,-1.025700569152832
852,0.9357003569602966,0.9240076541900635,93.57003569602966,92.40076541900635,-1.1692702770233154
853,0.9356436729431152,0.922774076461792,93.56436729431152,92.2774076461792,-1.2869596481323242
854,0.9355603456497192,0.9216774106025696,93.55603456497192,92.16774106025696,-1.3882935047149658
855,0.9354769587516785,0.9206897616386414,93.54769587516785,92.06897616386414,-1.478719711303711
856,0.9353839159011841,0.9195873141288757,93.53839159011841,91.95873141288757,-1.579660177230835
857,0.935238778591156,0.9184209704399109,93.5238778591156,91.84209704399109,-1.6817808151245117
858,0.9351241588592529,0.9171195030212402,93.5124158859253,91.71195030212402,-1.8004655838012695
859,0.9349602460861206,0.9159030914306641,93.49602460861206,91.5903091430664,-1.9057154655456543
860,0.9348835945129395,0.915016233921051,93.48835945129395,91.5016233921051,-1.9867360591888428
861,0.934810221195221,0.9143562912940979,93.4810221195221,91.43562912940979,-2.0453929901123047
862,0.9347384572029114,0.9139586687088013,93.47384572029114,91.39586687088013,-2.0779788494110107
863,0.9347164630889893,0.9141380786895752,93.47164630889893,91.41380786895752,-2.0578384399414062
864,0.9347848892211914,0.9149964451789856,93.47848892211914,91.49964451789856,-1.978844404220581
865,0.9348166584968567,0.9161141514778137,93.48166584968567,91.61141514778137,-1.8702507019042969
866,0.9348480701446533,0.9175621271133423,93.48480701446533,91.75621271133423,-1.7285943031311035
867,0.9349498152732849,0.91936194896698,93.49498152732849,91.936194896698,-1.5587866306304932
868,0.9350000023841858,0.9211196303367615,93.50000023841858,92.11196303367615,-1.3880372047424316
869,0.9350019097328186,0.9225256443023682,93.50019097328186,92.25256443023682,-1.247626543045044
870,0.9349119067192078,0.9232426881790161,93.49119067192078,92.32426881790161,-1.166921854019165
871,0.9348185062408447,0.9234583377838135,93.48185062408447,92.34583377838135,-1.136016845703125
872,0.9347167611122131,0.9233830571174622,93.47167611122131,92.33830571174622,-1.1333703994750977
873,0.9346302151679993,0.9230387806892395,93.46302151679993,92.30387806892395,-1.1591434478759766
874,0.9345002174377441,0.9222928881645203,93.45002174377441,92.22928881645203,-1.2207329273223877
875,0.9343385696411133,0.9212566018104553,93.43385696411133,92.12566018104553,-1.308196783065796
876,0.9341951012611389,0.920208215713501,93.41951012611389,92.0208215713501,-1.398688554763794
877,0.9340834617614746,0.9190731048583984,93.40834617614746,91.90731048583984,-1.5010356903076172
878,0.9339284896850586,0.9177478551864624,93.39284896850586,91.77478551864624,-1.6180634498596191
879,0.9337750673294067,0.9165323376655579,93.37750673294067,91.65323376655579,-1.7242729663848877
880,0.9336900115013123,0.9157085418701172,93.36900115013123,91.57085418701172,-1.7981469631195068
881,0.9336483478546143,0.9152688980102539,93.36483478546143,91.52688980102539,-1.8379449844360352
882,0.9336050152778625,0.9150810241699219,93.36050152778625,91.50810241699219,-1.8523991107940674
883,0.9335749745368958,0.9151752591133118,93.35749745368958,91.51752591133118,-1.8399715423583984
884,0.9335799813270569,0.9156412482261658,93.35799813270569,91.56412482261658,-1.7938733100891113
885,0.9335799813270569,0.9162284135818481,93.35799813270569,91.62284135818481,-1.735156774520874
886,0.9335383176803589,0.9166848659515381,93.35383176803589,91.66848659515381,-1.68534517288208
887,0.9334966540336609,0.9171488881111145,93.34966540336609,91.71488881111145,-1.6347765922546387
888,0.9335033297538757,0.9178468585014343,93.35033297538757,91.78468585014343,-1.5656471252441406
889,0.9335150122642517,0.9187521934509277,93.35150122642517,91.87521934509277,-1.4762818813323975
890,0.933521568775177,0.9194404482841492,93.3521568775177,91.94404482841492,-1.4081120491027832
891,0.9334031343460083,0.9194876551628113,93.34031343460083,91.94876551628113,-1.3915479183197021
892,0.9332748651504517,0.919182538986206,93.32748651504517,91.9182538986206,-1.4092326164245605
893,0.9331732392311096,0.9187667965888977,93.31732392311096,91.87667965888977,-1.4406442642211914
894,0.9330949187278748,0.9184967875480652,93.30949187278748,91.84967875480652,-1.459813117980957
895,0.9330614805221558,0.9182883501052856,93.30614805221558,91.82883501052856,-1.4773130416870117
896,0.9329798221588135,0.9180392026901245,93.29798221588135,91.80392026901245,-1.4940619468688965
897,0.9329231977462769,0.9178529977798462,93.29231977462769,91.78529977798462,-1.5070199966430664
898,0.9328749179840088,0.9178593158721924,93.28749179840088,91.78593158721924,-1.5015602111816406
899,0.9328666925430298,0.9181218147277832,93.28666925430298,91.81218147277832,-1.4744877815246582
900,0.9328650832176208,0.9186020493507385,93.28650832176208,91.86020493507385,-1.4263033866882324
901,0.9328782558441162,0.9192630648612976,93.28782558441162,91.92630648612976,-1.3615190982818604
902,0.932868242263794,0.919856071472168,93.2868242263794,91.9856071472168,-1.3012170791625977
903,0.9328297972679138,0.9202677607536316,93.28297972679138,92.02677607536316,-1.2562036514282227
904,0.9327782392501831,0.9205169081687927,93.27782392501831,92.05169081687927,-1.226133108139038
905,0.932731568813324,0.920752227306366,93.2731568813324,92.0752227306366,-1.1979341506958008
906,0.932708203792572,0.921012818813324,93.2708203792572,92.1012818813324,-1.1695384979248047
907,0.9326715469360352,0.9211952090263367,93.26715469360352,92.11952090263367,-1.1476337909698486
908,0.9326282143592834,0.9214143753051758,93.26282143592834,92.14143753051758,-1.1213839054107666
909,0.9326233267784119,0.9217805862426758,93.26233267784119,92.17805862426758,-1.0842740535736084
910,0.9326096773147583,0.9221193194389343,93.26096773147583,92.21193194389343,-1.0490357875823975
911,0.9325545430183411,0.9221739768981934,93.2554543018341,92.21739768981934,-1.0380566120147705
912,0.9324696660041809,0.922114372253418,93.24696660041809,92.2114372253418,-1.035529375076294
913,0.9324399828910828,0.9222226142883301,93.24399828910828,92.22226142883301,-1.0217368602752686
914,0.9324436783790588,0.9226740002632141,93.24436783790588,92.26740002632141,-0.9769678115844727
915,0.9325137138366699,0.9235976338386536,93.25137138366699,92.35976338386536,-0.8916079998016357
916,0.9326055645942688,0.9248994588851929,93.26055645942688,92.48994588851929,-0.7706105709075928
917,0.9326918721199036,0.9263733625411987,93.26918721199036,92.63733625411987,-0.6318509578704834
918,0.9327081441879272,0.9275788068771362,93.27081441879272,92.75788068771362,-0.5129337310791016
919,0.932668149471283,0.9283401370048523,93.2668149471283,92.83401370048523,-0.4328012466430664
920,0.9326006174087524,0.9284756183624268,93.26006174087524,92.84756183624268,-0.41249990463256836
921,0.9324439167976379,0.9279977679252625,93.2443916797638,92.79977679252625,-0.44461488723754883
922,0.9322957992553711,0.9272066354751587,93.22957992553711,92.72066354751587,-0.5089163780212402
923,0.9321762323379517,0.926393985748291,93.21762323379517,92.6393985748291,-0.5782246589660645
924,0.9321028590202332,0.9256646037101746,93.21028590202332,92.56646037101746,-0.6438255310058594
925,0.9320209622383118,0.9248444437980652,93.20209622383118,92.48444437980652,-0.7176518440246582
926,0.9319095015525818,0.9239830374717712,93.19095015525818,92.39830374717712,-0.7926464080810547
927,0.9318361878395081,0.9232432842254639,93.1836187839508,92.32432842254639,-0.859290361404419
928,0.9317728281021118,0.9226159453392029,93.17728281021118,92.26159453392029,-0.9156882762908936
929,0.9317075610160828,0.9220196008682251,93.17075610160828,92.20196008682251,-0.9687960147857666
930,0.9316400289535522,0.9216254353523254,93.16400289535522,92.16254353523254,-1.0014593601226807
931,0.9316313862800598,0.9215264916419983,93.16313862800598,92.15264916419983,-1.0104894638061523
932,0.9316080808639526,0.9214996695518494,93.16080808639526,92.14996695518494,-1.0108411312103271
933,0.9315627813339233,0.9214522242546082,93.15627813339233,92.14522242546082,-1.0110557079315186
934,0.9315199851989746,0.9215221405029297,93.15199851989746,92.15221405029297,-0.9997844696044922
935,0.9315133094787598,0.9217524528503418,93.15133094787598,92.17524528503418,-0.9760856628417969
936,0.9314966797828674,0.9220477938652039,93.14966797828674,92.20477938652039,-0.9448885917663574
937,0.9314746856689453,0.9223035573959351,93.14746856689453,92.2303557395935,-0.9171128273010254
938,0.931424081325531,0.9223722815513611,93.1424081325531,92.23722815513611,-0.9051799774169922
939,0.9313440322875977,0.9221062660217285,93.13440322875977,92.21062660217285,-0.9237766265869141
940,0.9312360286712646,0.9217551350593567,93.12360286712646,92.17551350593567,-0.9480893611907959
941,0.9312019944190979,0.9216410517692566,93.12019944190979,92.16410517692566,-0.9560942649841309
942,0.9312013387680054,0.9217061400413513,93.12013387680054,92.17061400413513,-0.9495198726654053
943,0.9311699867248535,0.9218893051147461,93.11699867248535,92.18893051147461,-0.9280681610107422
944,0.9311673045158386,0.922106146812439,93.11673045158386,92.2106146812439,-0.9061157703399658
945,0.9310619235038757,0.9218080639839172,93.10619235038757,92.18080639839172,-0.9253859519958496
946,0.9309285879135132,0.921158492565155,93.09285879135132,92.1158492565155,-0.9770095348358154
947,0.930840015411377,0.920681893825531,93.0840015411377,92.0681893825531,-1.0158121585845947
948,0.9308707118034363,0.9209141731262207,93.08707118034363,92.09141731262207,-0.9956538677215576
949,0.9309755563735962,0.9219124913215637,93.09755563735962,92.19124913215637,-0.9063065052032471
950,0.931143581867218,0.9235251545906067,93.1143581867218,92.35251545906067,-0.7618427276611328
951,0.9313002824783325,0.9255277514457703,93.13002824783325,92.55277514457703,-0.5772531032562256
952,0.9314536452293396,0.9277487993240356,93.14536452293396,92.77487993240356,-0.3704845905303955
953,0.9316015839576721,0.9300571084022522,93.16015839576721,93.00571084022522,-0.1544475555419922
954,0.9317429065704346,0.9323404431343079,93.17429065704346,93.23404431343079,0.0597536563873291
955,0.9318562150001526,0.9344457387924194,93.18562150001526,93.44457387924194,0.25895237922668457
956,0.9319220781326294,0.9362059235572815,93.19220781326294,93.62059235572815,0.42838454246520996
957,0.9319366812705994,0.9375474452972412,93.19366812705994,93.75474452972412,0.5610764026641846
958,0.9319300055503845,0.9385033845901489,93.19300055503845,93.85033845901489,0.6573379039764404
959,0.9319199919700623,0.9391862750053406,93.19199919700623,93.91862750053406,0.726628303527832
960,0.9319078922271729,0.9396482110023499,93.19078922271729,93.96482110023499,0.7740318775177002
961,0.9318791031837463,0.939806342124939,93.18791031837463,93.9806342124939,0.7927238941192627
962,0.9317848682403564,0.9394866824150085,93.17848682403564,93.94866824150085,0.77018141746521
963,0.9316239356994629,0.9385651350021362,93.16239356994629,93.85651350021362,0.694119930267334
964,0.9313908815383911,0.9369557499885559,93.13908815383911,93.69557499885559,0.5564868450164795
965,0.9310995936393738,0.9349254369735718,93.10995936393738,93.49254369735718,0.3825843334197998
966,0.9308680891990662,0.9328920245170593,93.08680891990662,93.28920245170593,0.2023935317993164
967,0.9307093024253845,0.9308475255966187,93.07093024253845,93.08475255966187,0.013822317123413086
968,0.9305170774459839,0.9287742376327515,93.05170774459839,92.87742376327515,-0.1742839813232422
969,0.9303480386734009,0.9267661571502686,93.03480386734009,92.67661571502686,-0.3581881523132324
970,0.9301891922950745,0.9247620105743408,93.01891922950745,92.47620105743408,-0.5427181720733643
971,0.92999267578125,0.9224909543991089,92.999267578125,92.24909543991089,-0.7501721382141113
972,0.9297182559967041,0.9196954965591431,92.97182559967041,91.9695496559143,-1.0022759437561035
973,0.9293970465660095,0.9168065190315247,92.93970465660095,91.68065190315247,-1.2590527534484863
974,0.9291712641716003,0.9142819046974182,92.91712641716003,91.42819046974182,-1.488935947418213
975,0.9290234446525574,0.91230708360672,92.90234446525574,91.230708360672,-1.6716361045837402
976,0.9289222955703735,0.9108922481536865,92.89222955703735,91.08922481536865,-1.8030047416687012
977,0.928848922252655,0.9099968075752258,92.8848922252655,90.99968075752258,-1.88521146774292
978,0.9287922382354736,0.9094858169555664,92.87922382354736,90.94858169555664,-1.9306421279907227
979,0.9287577867507935,0.9095956683158875,92.87577867507935,90.95956683158875,-1.9162118434906006
980,0.9288011193275452,0.9102513790130615,92.88011193275452,91.02513790130615,-1.8549740314483643
981,0.9287800192832947,0.9110338091850281,92.87800192832947,91.10338091850281,-1.7746210098266602
982,0.9287766814231873,0.9119844436645508,92.87766814231873,91.19844436645508,-1.6792237758636475
983,0.9287800192832947,0.9130529165267944,92.87800192832947,91.30529165267944,-1.5727102756500244
984,0.9287766814231873,0.9142096042633057,92.87766814231873,91.42096042633057,-1.4567077159881592
985,0.9287899732589722,0.9154274463653564,92.87899732589722,91.54274463653564,-1.3362526893615723
986,0.9287889003753662,0.9166393876075745,92.87889003753662,91.66393876075745,-1.2149512767791748
987,0.9288234114646912,0.9181313514709473,92.88234114646912,91.81313514709473,-1.0692059993743896
988,0.9289379715919495,0.9200907349586487,92.89379715919495,92.00907349586487,-0.8847236633300781
989,0.9290733337402344,0.9222444295883179,92.90733337402344,92.22444295883179,-0.6828904151916504
990,0.9290810823440552,0.9239298105239868,92.90810823440552,92.39298105239868,-0.5151271820068359
991,0.9290364980697632,0.924989640712738,92.90364980697632,92.4989640712738,-0.40468573570251465
992,0.928950846195221,0.9253767728805542,92.8950846195221,92.53767728805542,-0.3574073314666748
993,0.9288241863250732,0.9252853989601135,92.88241863250732,92.52853989601135,-0.3538787364959717
994,0.9287400245666504,0.925166130065918,92.87400245666504,92.5166130065918,-0.3573894500732422
995,0.928721010684967,0.9251492023468018,92.8721010684967,92.51492023468018,-0.3571808338165283
996,0.9286753535270691,0.925041675567627,92.86753535270691,92.5041675567627,-0.36336779594421387
997,0.9286166429519653,0.9250007271766663,92.86166429519653,92.50007271766663,-0.3615915775299072
998,0.928607702255249,0.9250470399856567,92.8607702255249,92.50470399856567,-0.3560662269592285
999,0.9285643696784973,0.9250528812408447,92.85643696784973,92.50528812408447,-0.3511488437652588
